C,mean_test_score,std_test_score
[10.],[0.7703125 0.784375  0.81875   0.8421875 0.840625  0.853125  0.85     ],"[0.03549318 0.03940475 0.03179217 0.03217384 0.02777561 0.01808725
 0.01875   ]"
